,fixed acidity,fixed acidity,volatile acidity,volatile acidity,citric acid,citric acid,residual sugar,residual sugar,chlorides,chlorides,free sulfur dioxide,free sulfur dioxide,total sulfur dioxide,total sulfur dioxide,density,density,pH,pH,sulphates,sulphates,alcohol,alcohol
,mean,std,mean,std,mean,std,mean,std,mean,std,mean,std,mean,std,mean,std,mean,std,mean,std,mean,std
Cluster,,,,,,,,,,,,,,,,,,,,,,
1,7.215217056650247,1.2965132546741678,0.33956973522167483,0.16446618452492173,0.3185899014778325,0.1452871031436809,5.4339439655172415,4.698852174314386,0.0560310960591133,0.03503558889745163,30.528786945812808,17.748565162669017,115.73776169950739,56.52353775015257,0.9946898168103447,0.0029481266355571565,3.2184744458128076,0.16078549572749665,0.531243842364532,0.1488042924013236,10.491614839901478,1.192709334368841
2,7.8,,0.965,,0.6,,65.8,,0.074,,8.0,,160.0,,1.03898,,3.39,,0.69,,11.7,
